Date,Year,Month,Month name,Mode,Users
2018-01-01,2018,1,January,Bus,8289776
2018-01-01,2018,1,January,Coach,116568
2018-01-01,2018,1,January,Train,18276188
2018-01-01,2018,1,January,Tram,15231368
2018-02-01,2018,2,February,Bus,11605805
2018-02-01,2018,2,February,Coach,103197
2018-02-01,2018,2,February,Train,21077458
2018-02-01,2018,2,February,Tram,16980925
2018-03-01,2018,3,March,Bus,12753711
2018-03-01,2018,3,March,Coach,117180
2018-03-01,2018,3,March,Train,24468784
2018-03-01,2018,3,March,Tram,19832126
2018-04-01,2018,4,April,Bus,10538968
2018-04-01,2018,4,April,Coach,107480
2018-04-01,2018,4,April,Train,21996867
2018-04-01,2018,4,April,Tram,16919872
2018-05-01,2018,5,May,Bus,12522190
2018-05-01,2018,5,May,Coach,109456
2018-05-01,2018,5,May,Train,24559103
2018-05-01,2018,5,May,Tram,17691427
2018-06-01,2018,6,June,Bus,10604765
2018-06-01,2018,6,June,Coach,101215
2018-06-01,2018,6,June,Train,20820391
2018-06-01,2018,6,June,Tram,15836171
2018-07-01,2018,7,July,Bus,10624949
2018-07-01,2018,7,July,Coach,109103
2018-07-01,2018,7,July,Train,22531344
2018-07-01,2018,7,July,Tram,17169239
2018-08-01,2018,8,August,Bus,13018025
2018-08-01,2018,8,August,Coach,110348
2018-08-01,2018,8,August,Train,24412439
2018-08-01,2018,8,August,Tram,18415592
2018-09-01,2018,9,September,Bus,10912354
2018-09-01,2018,9,September,Coach,104525
2018-09-01,2018,9,September,Train,21732977
2018-09-01,2018,9,September,Tram,15892774
2018-10-01,2018,10,October,Bus,12466397
2018-10-01,2018,10,October,Coach,121267
2018-10-01,2018,10,October,Train,24172171
2018-10-01,2018,10,October,Tram,18677490
2018-11-01,2018,11,November,Bus,11550778
2018-11-01,2018,11,November,Coach,111699
2018-11-01,2018,11,November,Train,22561615
2018-11-01,2018,11,November,Tram,17398998
2018-12-01,2018,12,December,Bus,8820189
2018-12-01,2018,12,December,Coach,113023
2018-12-01,2018,12,December,Train,18199764
2018-12-01,2018,12,December,Tram,15404107
2019-01-01,2019,1,January,Bus,8593513
2019-01-01,2019,1,January,Coach,110708
2019-01-01,2019,1,January,Train,18606965
2019-01-01,2019,1,January,Tram,15695535
2019-02-01,2019,2,February,Bus,11307537
2019-02-01,2019,2,February,Coach,103886
2019-02-01,2019,2,February,Train,21688214
2019-02-01,2019,2,February,Tram,16485000
2019-03-01,2019,3,March,Bus,13008499
2019-03-01,2019,3,March,Coach,112302
2019-03-01,2019,3,March,Train,24167426
2019-03-01,2019,3,March,Tram,19456794
2019-04-01,2019,4,April,Bus,10628905
2019-04-01,2019,4,April,Coach,111012
2019-04-01,2019,4,April,Train,20302570
2019-04-01,2019,4,April,Tram,17400302
2019-05-01,2019,5,May,Bus,13369321
2019-05-01,2019,5,May,Coach,111604
2019-05-01,2019,5,May,Train,25052602
2019-05-01,2019,5,May,Tram,18410816
2019-06-01,2019,6,June,Bus,10600308
2019-06-01,2019,6,June,Coach,98137
2019-06-01,2019,6,June,Train,20803844
2019-06-01,2019,6,June,Tram,15041547
2019-07-01,2019,7,July,Bus,11500583
2019-07-01,2019,7,July,Coach,108706
2019-07-01,2019,7,July,Train,22670048
2019-07-01,2019,7,July,Tram,16784796
2019-08-01,2019,8,August,Bus,12760504
2019-08-01,2019,8,August,Coach,107987
2019-08-01,2019,8,August,Train,24599157
2019-08-01,2019,8,August,Tram,17578879
2019-09-01,2019,9,September,Bus,11328782
2019-09-01,2019,9,September,Coach,104419
2019-09-01,2019,9,September,Train,22398459
2019-09-01,2019,9,September,Tram,15733247
2019-10-01,2019,10,October,Bus,12507173
2019-10-01,2019,10,October,Coach,115819
2019-10-01,2019,10,October,Train,24357121
2019-10-01,2019,10,October,Tram,16917616
2019-11-01,2019,11,November,Bus,11531556
2019-11-01,2019,11,November,Coach,106782
2019-11-01,2019,11,November,Train,22142249
2019-11-01,2019,11,November,Tram,15344062
2019-12-01,2019,12,December,Bus,9731991
2019-12-01,2019,12,December,Coach,110447
2019-12-01,2019,12,December,Train,19538623
2019-12-01,2019,12,December,Tram,13736921
2020-01-01,2020,1,January,Bus,9133506
2020-01-01,2020,1,January,Coach,105751
2020-01-01,2020,1,January,Train,18700779
2020-01-01,2020,1,January,Tram,13396238
2020-02-01,2020,2,February,Bus,11683900
2020-02-01,2020,2,February,Coach,99955
2020-02-01,2020,2,February,Train,21582836
2020-02-01,2020,2,February,Tram,14656787
2020-03-01,2020,3,March,Bus,8548587
2020-03-01,2020,3,March,Coach,74665
2020-03-01,2020,3,March,Train,14999656
2020-03-01,2020,3,March,Tram,9602985
2020-04-01,2020,4,April,Bus,1734517
2020-04-01,2020,4,April,Coach,17602
2020-04-01,2020,4,April,Train,2411652
2020-04-01,2020,4,April,Tram,1376119
2020-05-01,2020,5,May,Bus,2907184
2020-05-01,2020,5,May,Coach,29670
2020-05-01,2020,5,May,Train,4044936
2020-05-01,2020,5,May,Tram,2587250
2020-06-01,2020,6,June,Bus,5516674
2020-06-01,2020,6,June,Coach,51732
2020-06-01,2020,6,June,Train,7012888
2020-06-01,2020,6,June,Tram,4080847
2020-07-01,2020,7,July,Bus,3940455
2020-07-01,2020,7,July,Coach,41425
2020-07-01,2020,7,July,Train,4389006
2020-07-01,2020,7,July,Tram,2505061
2020-08-01,2020,8,August,Bus,2137243
2020-08-01,2020,8,August,Coach,17890
2020-08-01,2020,8,August,Train,2109755
2020-08-01,2020,8,August,Tram,1224017
2020-09-01,2020,9,September,Bus,2419244
2020-09-01,2020,9,September,Coach,23051
2020-09-01,2020,9,September,Train,2188980
2020-09-01,2020,9,September,Tram,1245928
2020-10-01,2020,10,October,Bus,4618038
2020-10-01,2020,10,October,Coach,36990
2020-10-01,2020,10,October,Train,3754613
2020-10-01,2020,10,October,Tram,2130346
2020-11-01,2020,11,November,Bus,6706669
2020-11-01,2020,11,November,Coach,51260
2020-11-01,2020,11,November,Train,7032517
2020-11-01,2020,11,November,Tram,4511166
2020-12-01,2020,12,December,Bus,6551638
2020-12-01,2020,12,December,Coach,74068
2020-12-01,2020,12,December,Train,8762396
2020-12-01,2020,12,December,Tram,5995164
2021-01-01,2021,1,January,Bus,5290151
2021-01-01,2021,1,January,Coach,60026
2021-01-01,2021,1,January,Train,7970291
2021-01-01,2021,1,January,Tram,5553277
2021-02-01,2021,2,February,Bus,6415206
2021-02-01,2021,2,February,Coach,54099
2021-02-01,2021,2,February,Train,8581919
2021-02-01,2021,2,February,Tram,5882295
2021-03-01,2021,3,March,Bus,8654296
2021-03-01,2021,3,March,Coach,75765
2021-03-01,2021,3,March,Train,13035145
2021-03-01,2021,3,March,Tram,8750223
2021-04-01,2021,4,April,Bus,7326494
2021-04-01,2021,4,April,Coach,75002
2021-04-01,2021,4,April,Train,12832522
2021-04-01,2021,4,April,Tram,9123455
2021-05-01,2021,5,May,Bus,7774350
2021-05-01,2021,5,May,Coach,66206
2021-05-01,2021,5,May,Train,12492966
2021-05-01,2021,5,May,Tram,8761433
2021-06-01,2021,6,June,Bus,5145715
2021-06-01,2021,6,June,Coach,46233
2021-06-01,2021,6,June,Train,6945569
2021-06-01,2021,6,June,Tram,4557256
2021-07-01,2021,7,July,Bus,5321619
2021-07-01,2021,7,July,Coach,45599
2021-07-01,2021,7,July,Train,8201380
2021-07-01,2021,7,July,Tram,5093722
2021-08-01,2021,8,August,Bus,3810070
2021-08-01,2021,8,August,Coach,33264
2021-08-01,2021,8,August,Train,4398689
2021-08-01,2021,8,August,Tram,2686330
2021-09-01,2021,9,September,Bus,2856876
2021-09-01,2021,9,September,Coach,23838
2021-09-01,2021,9,September,Train,3026657
2021-09-01,2021,9,September,Tram,1910362
2021-10-01,2021,10,October,Bus,4092585
2021-10-01,2021,10,October,Coach,33948
2021-10-01,2021,10,October,Train,4372085
2021-10-01,2021,10,October,Tram,3102681
2021-11-01,2021,11,November,Bus,7309601
2021-11-01,2021,11,November,Coach,55165
2021-11-01,2021,11,November,Train,9101059
2021-11-01,2021,11,November,Tram,7034365
2021-12-01,2021,12,December,Bus,6601729
2021-12-01,2021,12,December,Coach,67426
2021-12-01,2021,12,December,Train,10122021
2021-12-01,2021,12,December,Tram,8359146
2022-01-01,2022,1,January,Bus,4673930
2022-01-01,2022,1,January,Coach,51750
2022-01-01,2022,1,January,Train,6454842
2022-01-01,2022,1,January,Tram,5372999
2022-02-01,2022,2,February,Bus,7190776
2022-02-01,2022,2,February,Coach,57210
2022-02-01,2022,2,February,Train,9247028
2022-02-01,2022,2,February,Tram,7962117
2022-03-01,2022,3,March,Bus,9537897
2022-03-01,2022,3,March,Coach,73664
2022-03-01,2022,3,March,Train,14343878
2022-03-01,2022,3,March,Tram,11614262
2022-04-01,2022,4,April,Bus,7708935
2022-04-01,2022,4,April,Coach,73735
2022-04-01,2022,4,April,Train,13111151
2022-04-01,2022,4,April,Tram,10065400
2022-05-01,2022,5,May,Bus,8901118
2022-05-01,2022,5,May,Coach,71603
2022-05-01,2022,5,May,Train,14121527
2022-05-01,2022,5,May,Tram,10150913
2022-06-01,2022,6,June,Bus,7870215
2022-06-01,2022,6,June,Coach,70919
2022-06-01,2022,6,June,Train,13081759
2022-06-01,2022,6,June,Tram,9590565
2022-07-01,2022,7,July,Bus,8308439
2022-07-01,2022,7,July,Coach,75239
2022-07-01,2022,7,July,Train,13333706
2022-07-01,2022,7,July,Tram,11129287
2022-08-01,2022,8,August,Bus,9437357
2022-08-01,2022,8,August,Coach,74401
2022-08-01,2022,8,August,Train,14445338
2022-08-01,2022,8,August,Tram,12361088
2022-09-01,2022,9,September,Bus,8330355
2022-09-01,2022,9,September,Coach,74648
2022-09-01,2022,9,September,Train,14315044
2022-09-01,2022,9,September,Tram,11791504
2022-10-01,2022,10,October,Bus,9315655
2022-10-01,2022,10,October,Coach,68919
2022-10-01,2022,10,October,Train,14297751
2022-10-01,2022,10,October,Tram,12080170
2022-11-01,2022,11,November,Bus,9348041
2022-11-01,2022,11,November,Coach,74053
2022-11-01,2022,11,November,Train,14438249
2022-11-01,2022,11,November,Tram,12137205
2022-12-01,2022,12,December,Bus,8297995
2022-12-01,2022,12,December,Coach,85612
2022-12-01,2022,12,December,Train,13240883
2022-12-01,2022,12,December,Tram,10945095
2023-01-01,2023,1,January,Bus,7911205
2023-01-01,2023,1,January,Coach,84946
2023-01-01,2023,1,January,Train,11404600
2023-01-01,2023,1,January,Tram,12245668
2023-02-01,2023,2,February,Bus,9704290
2023-02-01,2023,2,February,Coach,77949
2023-02-01,2023,2,February,Train,14256267
2023-02-01,2023,2,February,Tram,12894448
2023-03-01,2023,3,March,Bus,11548743
2023-03-01,2023,3,March,Coach,88964
2023-03-01,2023,3,March,Train,18396306
2023-03-01,2023,3,March,Tram,15292063
2023-04-01,2023,4,April,Bus,9063008
2023-04-01,2023,4,April,Coach,89335
2023-04-01,2023,4,April,Train,14757361
2023-04-01,2023,4,April,Tram,12402173
2023-05-01,2023,5,May,Bus,11071479
2023-05-01,2023,5,May,Coach,95859
2023-05-01,2023,5,May,Train,17055688
2023-05-01,2023,5,May,Tram,12760569
2023-06-01,2023,6,June,Bus,9685296
2023-06-01,2023,6,June,Coach,94894
2023-06-01,2023,6,June,Train,14808531
2023-06-01,2023,6,June,Tram,11602791
2023-07-01,2023,7,July,Bus,10368151
2023-07-01,2023,7,July,Coach,99755
2023-07-01,2023,7,July,Train,15866732
2023-07-01,2023,7,July,Tram,12335062
2023-08-01,2023,8,August,Bus,11559150
2023-08-01,2023,8,August,Coach,98413
2023-08-01,2023,8,August,Train,18244663
2023-08-01,2023,8,August,Tram,13280460
2023-09-01,2023,9,September,Bus,10363766
2023-09-01,2023,9,September,Coach,100982
2023-09-01,2023,9,September,Train,16623141
2023-09-01,2023,9,September,Tram,12149257
2023-10-01,2023,10,October,Bus,11326158
2023-10-01,2023,10,October,Coach,106717
2023-10-01,2023,10,October,Train,17048978
2023-10-01,2023,10,October,Tram,12453509
2023-11-01,2023,11,November,Bus,11062913
2023-11-01,2023,11,November,Coach,104648
2023-11-01,2023,11,November,Train,16462168
2023-11-01,2023,11,November,Tram,12503061
2023-12-01,2023,12,December,Bus,9558518
2023-12-01,2023,12,December,Coach,111120
2023-12-01,2023,12,December,Train,15276190
2023-12-01,2023,12,December,Tram,12173168
2024-01-01,2024,1,January,Bus,9176254
2024-01-01,2024,1,January,Coach,113350
2024-01-01,2024,1,January,Train,15013208
2024-01-01,2024,1,January,Tram,11821351
2024-02-01,2024,2,February,Bus,11556652
2024-02-01,2024,2,February,Coach,104337
2024-02-01,2024,2,February,Train,17610327
2024-02-01,2024,2,February,Tram,13427105
2024-03-01,2024,3,March,Bus,11713364
2024-03-01,2024,3,March,Coach,112283
2024-03-01,2024,3,March,Train,19213652
2024-03-01,2024,3,March,Tram,14840535
2024-04-01,2024,4,April,Bus,10327960
2024-04-01,2024,4,April,Coach,114813
2024-04-01,2024,4,April,Train,17952844
2024-04-01,2024,4,April,Tram,14241713
2024-05-01,2024,5,May,Bus,11504640
2024-05-01,2024,5,May,Coach,109868
2024-05-01,2024,5,May,Train,19365801
2024-05-01,2024,5,May,Tram,13914626
2024-06-01,2024,6,June,Bus,9701319
2024-06-01,2024,6,June,Coach,104351
2024-06-01,2024,6,June,Train,16336738
2024-06-01,2024,6,June,Tram,11656478
2024-07-01,2024,7,July,Bus,10898018
2024-07-01,2024,7,July,Coach,110936
2024-07-01,2024,7,July,Train,17986251
2024-07-01,2024,7,July,Tram,13019738
2024-08-01,2024,8,August,Bus,11921068
2024-08-01,2024,8,August,Coach,108656
2024-08-01,2024,8,August,Train,19395701
2024-08-01,2024,8,August,Tram,13714916
2024-09-01,2024,9,September,Bus,10215779
2024-09-01,2024,9,September,Coach,107465
2024-09-01,2024,9,September,Train,17294205
2024-09-01,2024,9,September,Tram,11695377
2024-10-01,2024,10,October,Bus,11749145
2024-10-01,2024,10,October,Coach,126770
2024-10-01,2024,10,October,Train,19211544
2024-10-01,2024,10,October,Tram,14575255
2024-11-01,2024,11,November,Bus,10264854
2024-11-01,2024,11,November,Coach,112359
2024-11-01,2024,11,November,Train,16970025
2024-11-01,2024,11,November,Tram,13548253
2024-12-01,2024,12,December,Bus,9609418
2024-12-01,2024,12,December,Coach,121320
2024-12-01,2024,12,December,Train,15580861
2024-12-01,2024,12,December,Tram,13101396
2025-01-01,2025,1,January,Bus,8966088
2025-01-01,2025,1,January,Coach,122422
2025-01-01,2025,1,January,Train,15302523
2025-01-01,2025,1,January,Tram,12523366
2025-02-01,2025,2,February,Bus,10204314
2025-02-01,2025,2,February,Coach,104244
2025-02-01,2025,2,February,Train,16441548
2025-02-01,2025,2,February,Tram,13058985
2025-03-01,2025,3,March,Bus,11797835
2025-03-01,2025,3,March,Coach,119824
2025-03-01,2025,3,March,Train,20334298
2025-03-01,2025,3,March,Tram,15300456
2025-04-01,2025,4,April,Bus,10314410
2025-04-01,2025,4,April,Coach,116481
2025-04-01,2025,4,April,Train,17588399
2025-04-01,2025,4,April,Tram,13414808
2025-05-01,2025,5,May,Bus,11495314
2025-05-01,2025,5,May,Coach,111430
2025-05-01,2025,5,May,Train,19923275
2025-05-01,2025,5,May,Tram,14443916
2025-06-01,2025,6,June,Bus,9771919
2025-06-01,2025,6,June,Coach,110283
2025-06-01,2025,6,June,Train,16438018
2025-06-01,2025,6,June,Tram,11792860
2025-07-01,2025,7,July,Bus,10529402
2025-07-01,2025,7,July,Coach,113079
2025-07-01,2025,7,July,Train,17673585
2025-07-01,2025,7,July,Tram,12651420
2025-08-01,2025,8,August,Bus,10960006
2025-08-01,2025,8,August,Coach,106863
2025-08-01,2025,8,August,Train,18419617
2025-08-01,2025,8,August,Tram,12233414
2025-09-01,2025,9,September,Bus,10083900
2025-09-01,2025,9,September,Coach,105410
2025-09-01,2025,9,September,Train,17134754
2025-09-01,2025,9,September,Tram,11515404
2025-10-01,2025,10,October,Bus,11195045
2025-10-01,2025,10,October,Coach,118470
2025-10-01,2025,10,October,Train,18263411
2025-10-01,2025,10,October,Tram,12402127
2025-11-01,2025,11,November,Bus,9752042
2025-11-01,2025,11,November,Coach,107793
2025-11-01,2025,11,November,Train,16358136
2025-11-01,2025,11,November,Tram,12265500
2025-12-01,2025,12,December,Bus,9177185
2025-12-01,2025,12,December,Coach,122578
2025-12-01,2025,12,December,Train,17052349
2025-12-01,2025,12,December,Tram,12069311
2026-01-01,2026,1,January,Bus,8396842
2026-01-01,2026,1,January,Coach,110891
2026-01-01,2026,1,January,Train,15868019
2026-01-01,2026,1,January,Tram,11822424
